name,brand,p/n,code,p_current,p_base,discount,tax,rating,opinions,cpu,cpu_ghz_min,cpu_ghz_max,ram,ram_mhz,ram_gb,gpu,disk1,disk1_gb,disk1_type,disk2,disk2_gb,disk2_type,display,display_inch,display_width,display_height,date,url
"HP Pavilion Gaming 15-EC0007NS AMD Ryzen 5 3550H/8GB/256GB SSD/GTX1050/15.6""",HP,9PV72EA#ABE,259290,499.0,549.0,10.0,21.0,88.3,65," AMD Ryzen 5 3550H con gráficos Radeon? Vega 8 (reloj base 2,1 GHz, incremento máximo hasta 3,7 GHz, 6 MB de caché , 4 núcleos)",2.1,3.7, RAM SDRAM de 8 GB DDR4-2400 (2 x 4 GB),2400,8, NVIDIA® GeForce® GTX 1050 (GDDR5 de 3 GB dedicada), SSD de 256 GB PCIe® NVMe M.2,256,SSD,,,," FHD SVA de 15,6"" (39,6 cm) en diagonal antireflectante de microborde con retroiluminación WLED (1920 x 1080)",15.6,1920,1080,2020-04-01,https://www.pccomponentes.com/hp-pavilion-gaming-15-ec0007ns-amd-ryzen-5-3550h-8gb-256gb-ssd-gtx1050-156
"Toshiba Satellite Pro R40-D-111 Intel Celeron 3865U/4GB/128GB SSD/14""",Toshiba,PS481E-05501KCE,188258,239.0,299.0,21.0,21.0,90.6,66," Intel® Celeron® 3865U (1.80GHz, 2MB)",1.8,, RAM 4 GB DDR3L 2133 (4+0),2133,4, Intel® HD Graphics 610, 128 GB M.2 SATA,128,SATA,,,," 35,6 cm (14,0 "") Pantalla Toshiba HD antirreflejos con 16 : 9 de relación de aspecto y retroiluminación LED 1.366 x 768 (HD)",14.0,1366,768,2020-04-01,https://www.pccomponentes.com/toshiba-satellite-pro-r40-d-111-intel-celeron-3865u-4gb-128gb-ssd-14
"HP 15S-FQ1040NS Intel Core i5-1035G1/8GB/512GB SSD/15.6""",HP,8PS40EA,252513,499.0,499.0,0.0,21.0,83.5,40," i5-1035G1 (frecuencia base de 1,0 GHz, hasta 3,6 GHz con tecnología Intel®Turbo Boost, 6 MB de caché, 4 núcleos)",1.0,3.6, RAM SDRAM DDR4-2666 de 8 GB (1 x 8 GB)Velocidades de transferencia de hasta 2666 MT/s),2666,8, Gráficos Intel® UHD, SSD de 512 GB PCIe® NVMe? M.2,512,SSD,,,," Pantalla con retroiluminación WLED antirreflejo HD SVA de 39,6 cm (15,6 pulgadas) en diagonal de tipo micro-edge (1366 x 768)",15.6,1366,768,2020-04-01,https://www.pccomponentes.com/hp-15s-fq1040ns-intel-core-i5-1035g1-8gb-512gb-ssd-156
"MSI GF63 Thin 9SC-047XES Intel Corei7-9750H/16GB/512GB SSD/GTX 1650/15.6""",MSI,9S7-16R312-047,199206,898.0,1149.0,22.0,21.0,92.8,411, Intel Core Coffeelake refresh i7-9750H+HM370,,, 16GB DDR4 2666MHz,2666,16, GTX 1650  MAX Q GDDR5 4GB, 512GB NVMe PCIe SSD,512,SSD,,,," 15.6"" FHD (1920*1080), IPS-Level 60Hz 45%NTSCThin Bezel, typ. 250nit , CR 700",15.6,1920,1080,2020-04-01,https://www.pccomponentes.com/msi-gf63-thin-9sc-047xes-intel-corei7-9750h-16gb-512gb-ssd-gtx-1650-156
"Asus VivoBook D509DA-EJ098 AMD Ryzen 7 3700U/8GB/512GB SSD/15.6""",Asus,D509DA-EJ098,261637,549.0,549.0,0.0,21.0,88.3,77," AMD® Ryzen 7 3700U (4 Núcleos, 8 Subprocesos, Caché: 4MB Level 3, 2.3GHz hasta 4.0GHz, 64-bit)",2.3,4.0, RAM 8GB (4GB + 4GB [EN PLACA]) DDR4 2400MHz,2400,8, AMD® Radeon™ RX Vega 10 Graphics, 512GB SSD M.2 PCIe® Gen3  NVMe,512,SSD, 512GB SSD M.2 PCIe® Gen3  NVMe,512,SSD," 15.6"" (39,62cm) LED Retroiluminado / 60Hz / NanoEdge (Borde Estrecho) / Ultra Slim / 200nits / FullHD / Antirreflejos / NTSC:45%",15.6,,,2020-04-01,https://www.pccomponentes.com/asus-vivobook-d509da-ej098-amd-ryzen-7-3700u-8gb-512gb-ssd-156
"HP Pavilion Gaming 15-DK0020NS Intel Core i5-9300H/16GB/512GB SSD/GTX 1050/15.6""",HP,8PK55EA,252591,699.0,699.0,0.0,21.0,92.3,52," Intel® Core?  i5-9300H (frecuencia base de 2,4 GHz, hasta 4,1 GHz con Tecnología Intel® Turbo Boost, 8 MB de caché, 4 núcleos)",2.4,4.1," RAM SDRAM DDR4-2666 de 16 GB (2 x 8 GB), velocidades de transferencia de hasta 2666 MT/s",2666,16,  NVIDIA® GeForce® GTX 1050 (GDDR5 de 3 GB dedicada), SSD de 512 GB PCIe® NVMe? M.2,512,SSD,,,," FHD IPS de 15,6"" (39,6 cm) en diagonal antirreflectante de microborde con retroiluminación WLED (1920 x 1080)",15.6,1920,1080,2020-04-01,https://www.pccomponentes.com/hp-pavilion-gaming-15-dk0020ns-intel-core-i5-9300h-16gb-512gb-ssd-gtx-1050-156
"Lenovo Ideapad S145-15AST AMD A9-9425/8GB/512GB SSD/15.6""",Lenovo,81N300AJSP,250924,419.0,419.0,0.0,21.0,85.1,55," AMD A9-9425 (2C / 2T, 3.1 / 3.7GHz, 1MB L2)",3.1,3.7, RAM 8GB DIMM DDR4-2133,2133,8, AMD Radeon R5 Graphics, 512GB SSD M.2 2280 PCIe NVMe,512,SSD,,,," 15.6"" FHD (1920x1080) TN 220nits Anti-glare",15.6,1920,1080,2020-04-01,https://www.pccomponentes.com/lenovo-ideapad-s145-15ast-amd-a9-9425-8gb-512gb-ssd-156
"HP Notebook 255 G7 AMD A4-9125/4GB/1TB/15.6""",HP,6MR14EA,202724,269.0,269.0,0.0,21.0,84.7,118," AMD A4-9125 (1MB Cache, 2.3GHz)",2.3,, RAM 4GB (1866MHz) DDR4-SDRAM (1 x 4),1866,4, AMD Radeon R3, 1000GB HDD,1000,HDD,,,," 39.6 cm (15.6"") HD 1366 x 768 SVA",15.6,1366,768,2020-04-01,https://www.pccomponentes.com/hp-notebook-255-g7-amd-a4-9125-4gb-1tb-156
"Asus TUF Gaming FX505GT-BQ024 Intel Core i7-9750H/16GB/1TB+256GB SSD/GTX 1650/15.6""",Asus,FX505GT-BQ024,243591,898.0,1199.0,26.0,21.0,88.4,372," Intel® Core? i7-9750H (6 Núcleos, 12 Subprocesos, Caché: 12MB Level 3, 2.6GHz hasta 4.5GHz, 64-bit)",2.6,4.5, RAM 16GB (8GB*2) DDR4 2666MHz,2666,16, NVIDIA® GeForce® GTX 1650 4GB GDDR5 VRAM, 256GB SSD M.2 PCIe® NVMe ,256,SSD,  1TB 5400rpm SATA,256,SATA," 15.6"" LED FullHD (1920 x 1080) 16:9 IPS Antirreflejos",15.6,1920,1080,2020-04-01,https://www.pccomponentes.com/asus-tuf-gaming-fx505gt-bq024-intel-core-i7-9750h-16gb-1tb-256gb-ssd-gtx-1650-156
"Asus TUF Gaming FX505DV-AL014 AMD Ryzen 7 3750H/16GB/512GB SSD/RTX 2060/15.6""",Asus,FX505DV-AL014,248855,979.0,1199.0,19.0,21.0,83.7,38," AMD® Ryzen? 7 3750H APU (4 Núcleos, 6MB Caché, 2.3GHz hasta 4.0GHz, 64-bit)",2.3,4.0, RAM 16GB (8GB*2) DDR4 2666MHz,2666,16, NVIDIA® GeForce® RTX 2060 6GB GDDR6 VRAM, 512GB SSD M.2 PCIe® Gen3 NVMe,512,SSD,,,," 15.6"" LED FullHD (1920 x 1080) 16:9 IPS Antirreflejos 120Hz 250nits",15.6,1920,1080,2020-04-01,https://www.pccomponentes.com/asus-tuf-gaming-fx505dv-al014-amd-ryzen-7-3750h-16gb-512gb-ssd-rtx-2060-156
"MSI GL75 9SEK-074XES Intel Core i7-9750H/16GB/1TB SSD/RTX 2060/17.3""",MSI,9S7-17E512-074,226141,1299.0,1399.0,8.0,21.0,91.9,143," Intel Core Coffeelake refresh i7-9750H+HM370 (12 MB de caché, hasta 4,50 GHz)",,4.5, DDR IV 8GB*2 (2666MHz),2666,16," GeForce® RTX 2060, GDDR6 6GB", 1TB NVMe PCIe Gen3x4 SSD,1000,SSD,,,," 17.3"" FHD (1920*1080), IPS-Level 120Hz Thin Bezel",17.3,1920,1080,2020-04-01,https://www.pccomponentes.com/msi-gl75-9sek-074xes-intel-core-i7-9750h-16gb-1tb-ssd-rtx-2060-173
"Lenovo Ideapad S145-15IWL Intel Core i5-8265U/8GB/512GB SSD/15.6""",Lenovo,81MV00MKSP,281002,579.0,649.0,11.0,21.0,94.3,7," Intel Core i5-8265U (4C / 8T, 1.6 / 3.9GHz, 6MB)",1.6,3.9, RAM 8GB DIMM DDR4-2400,2400,8, Intel UHD Graphics 620, 512GB SSD M.2 2242 PCIe NVMe 3.0,512,SSD, 512GB SSD M.2 2242 PCIe NVMe 3.0,512,SSD," 15.6"" FHD (1920x1080) TN 220nits Anti-glare",15.6,1920,1080,2020-04-01,https://www.pccomponentes.com/lenovo-ideapad-s145-15iwl-intel-core-i5-8265u-8gb-512gb-ssd-156
"MSI GF65 Thin 9SEXR-237XES Intel Core i5-9300H/16GB/512GB SSD/RTX 2060/15.6""",MSI,9S7-16W112-237,256418,979.0,1199.0,19.0,21.0,84.2,57," Intel® Core™ i5 9300H (frecuencia base de 2,4 GHz, hasta 4.1 GHz con tecnología Intel® TurboBoost, 8 MB de caché, 4 núcleos)",2.4,4.1, RAM DDR IV 8GB*2 (2666MHz),2666,16," RTX 2060, GDDR6 6GB", 512GB NVMe PCIe SSD,512,SSD,,,," 15.6"" FHD (1920*1080), IPS-Level 120Hz Thin Bezel",15.6,1920,1080,2020-04-01,https://www.pccomponentes.com/msi-gf65-thin-9sexr-237xes-intel-core-i5-9300h-16gb-512gb-ssd-rtx-2060-156
"Asus VivoBook S14 S433FL-EB008T Intel Core i5-10210U/8GB/512GB SSD/MX250/14""",Asus,S433FL-EB008T,258589,749.0,849.0,12.0,21.0,95.0,32," Intel® Core i5-10210U (4 Núcleos, 8 Subprocesos, Caché: 6MB SmartCache, 1.60GHz hasta 4.20GHz, 64-bit)",1.6,4.2, RAM 8GB (8GB [EN PLACA]) DDR4 2666MHz,2666,8, NVIDIA® GeForce® MX250  2GB GDDR5 VRAM, 512GB SSD M.2 PCIe® Gen3  NVMe,512,SSD, 512GB SSD M.2 PCIe® Gen3  NVMe,512,SSD," 14"" (35,56cm) LED Retroiluminado / 60Hz / NanoEdge (Borde Estrecho) / 250nits / FHD (1920x1080/16:9) / Antirreflejos / NTSC:45% / IPS / Ángulo de Visión de 178°",14.0,1920,1080,2020-04-01,https://www.pccomponentes.com/asus-vivobook-s14-s433fl-eb008t-intel-core-i5-10210u-8gb-512gb-ssd-mx250-14
"Lenovo V155 AMD Ryzen R5 3500U/8GB/512GB SSD/15.6""",Lenovo,81V5001ASP,253103,508.26,508.26,0.0,21.0,90.4,50, AMD Ryzen R5 3500U (hasta 2.1 GHz),,2.1, RAM 8GB DDR4-2400MHz,2400,8, AMD Radeon," 512GB SSD 2.5"" SATA3",512,SSD,,,," 15.6"" LED HD (1366x768) 16:9",15.6,1366,768,2020-04-01,https://www.pccomponentes.com/lenovo-v155-amd-ryzen-r5-3500u-8gb-512gb-ssd-156
"Acer Aspire 3 A315-54K-59NZ Intel Core i5-10210U/8GB/512GB SSD/15.6""",Acer,NX.HM2EB.00C,247357,499.0,499.0,0.0,21.0,78.7,77, Intel® Core? i5-10210U 1.6 GHz 6MB,1.6,, RAM 8 GB DDR4 SDRAM,,8, Intel® HD Graphics 620, 512 GB SSD,512,SSD,,,," 15.6"" HD Acer ComfyView FHD (1920 x 1080)",15.6,1920,1080,2020-04-01,https://www.pccomponentes.com/acer-aspire-3-a315-54k-59nz-intel-core-i5-10210u-8gb-512gb-ssd-156
"Lenovo IdeaPad S145-15IIL Intel Core i5-1035G1/8 GB/512GB SSD/15.6""",Lenovo,81W800BDSP,280976,599.0,599.0,0.0,21.0,100.0,5," Intel Core i5-1035G1 (4C / 8T, 1.0 / 3.6GHz, 6MB)",1.0,3.6, RAM 4GB Soldered DDR4-2666 + 4GB DIMM DDR4-2666,2666,8, Integrated Intel UHD Graphics 620, 512GB SSD M.2 2280 PCIe NVMe,512,SSD,,,," 15.6"" FHD (1920x1080) TN 220nits Anti-glare",15.6,1920,1080,2020-04-01,https://www.pccomponentes.com/lenovo-ideapad-s145-15iil-intel-core-i5-1035g1-8-gb-512gb-ssd-156
"Apple MacBook Air Intel Core i5/8GB/128GB SSD/13"" Plateado",Apple,MQD32Y/A,132884,889.0,999.0,12.0,21.0,91.8,212, Intel Core i5 de doble núcleo a 1.8 GHz de quinta generación,1.8,, RAM 8 GB de memoria LPDDR3 a 1.600 MHz,1600,8, Intel HD Graphics 6000, SSD PCIe 128 Gb,128,SSD,,,, retroiluminada por LED de 13.3 pulgadas (en diagonal),13.3,,,2020-04-01,https://www.pccomponentes.com/apple-macbook-air-intel-core-i5-8gb-128gb-ssd-13-plateado
"Asus R540MA-GQ757 Intel Celeron N4000/4GB/256GB SSD/15.6""",Asus,R540MA-GQ757,228608,209.99,209.99,0.0,21.0,81.4,71," Intel® Celeron® N4000 (2 Núcleos, 2 Subprocesos, Caché: 4MB, 1.10GHz hasta 2.60GHz, 64-bit)",1.1,2.6, RAM 4GB DDR4 LPDDR4 2400MHz,2400,4, Intel® UHD Graphics 600, 256GB SSD SATA3,256,SSD,,,," 15.6"" (39,62cm) LED Retroiluminado / 60Hz / Ultra Slim / 200nits / HD (1366x768/16:9) / Antirreflejos / NTSC:45%",15.6,1366,768,2020-04-01,https://www.pccomponentes.com/asus-r540ma-gq757-intel-celeron-n4000-4gb-256gb-ssd-156
"MSI GF75 Thin 9SC-277XES Intel Core i7-9750H/16GB/512GB SSD/GTX1650/17.3""",MSI,9S7-17F212-277,243235,999.0,1249.0,21.0,21.0,92.9,68, Intel® Core? i7-9750H 2.4 GHz,2.4,, RAM 16GB DDR4-(2666MHz),2666,16," GeForce® GTX 1650 ,GDDR5 4GB", 512GB NVMe PCIe SSD,512,SSD,,,," 17.3"" FHD (1920*1080), IPS-Level 120Hz Thin Bezel",17.3,1920,1080,2020-04-01,https://www.pccomponentes.com/msi-gf75-thin-9sc-277xes-intel-core-i7-9750h-16gb-512gb-ssd-gtx1650-173
"Lenovo Ideapad S145-15AST AMD A6-9225/8GB/256 GB SSD/15.6""",Lenovo,81N300A4SP,254365,249.0,249.0,0.0,21.0,88.0,148," AMD A6-9225 (2C / 2T, 2.6 / 3.0GHz, 1MB / L2)",2.6,3.0, RAM 8GB DIMM DDR4-2133,2133,8, AMD Radeon R4 Graphics," 256GB SSD 2.5"" SATA6Gb/s",256,SSD,,,," 15.6"" FHD (1920x1080) TN 220nits Anti-glare",15.6,1920,1080,2020-04-01,https://www.pccomponentes.com/lenovo-ideapad-s145-15ast-amd-a6-9225-8gb-256-gb-ssd-156
"HP Notebook 250 G7 Intel Core i3-7020U/8GB/256 SSD/15.6""",HP,6BP62EA,204368,465.99,465.99,0.0,21.0,91.0,20," Intel® Core? i3-7020U con gráficos Intel® HD 620 (2,3 GHz, 3 MB de caché, 2 núcleos)",2.3,, RAM  8 GB DDR4-2133 SDRAM (1 x 8 GB) (Velocidades de transferencia de hasta 2133 MT/s.),2133,8, Intel® HD Graphics 620, SSD SATA M.2 de 256 GB,256,SSD,,,," Pantalla de 39,6 cm (15,6 pulgadas) 1366 x 768",15.6,1366,768,2020-04-01,https://www.pccomponentes.com/hp-notebook-250-g7-intel-core-i3-7020u-8gb-256-ssd-156
"Asus Rog Strix G531GV-AL172 Intel Core i7-9750H/16GB/1TB SSD/RTX2060/15.6""",Asus,G531GV-AL172,243523,1199.0,1599.0,26.0,21.0,93.4,100," Intel® Core? i7-9750H (6 Núcleos, 12MB Caché, 2.6GHz hasta 4.5GHz, 64-bit)",2.6,4.5," RAM 16GB (8GB*2) DDR4 2666MHz, ampliables hasta 32GB",2666,16, NVIDIA® GeForce® RTX? 2060 6GB GDDR6 VRAM,  1TB SSD M.2 PCIe® Gen3 NVMe,1000,SSD,,,," 15,6"" - 39,62cm / LED Retroiluminado / FHD (1920x1080/16:9) / 120Hz / 250nits / Antirreflejos / NTSC 45% / SRGB 67% / Adobe 50% / Contraste 1000:1 / IPS / Ángulo de Visión de 170°",15.6,1920,1080,2020-04-01,https://www.pccomponentes.com/asus-rog-strix-g531gv-al172-intel-core-i7-9750h-16gb-1tb-ssd-rtx2060-156
"Lenovo Ideapad S145-15IWL Intel Core i3-8145/8GB/512GB SSD/15.6""",Lenovo,81MV010QSP,250928,499.0,499.0,0.0,21.0,80.8,25," Intel Core i3-8145U (2C / 4T, 2.1 / 3.9GHz, 4MB)",2.1,3.9, RAM 8GB DIMM DDR4-2400,2400,8, Intel UHD Graphics 620, 512GB SSD M.2 2280 PCIe NVMe,512,SSD,,,," 15.6"" FHD (1920x1080) TN 220nits Anti-glare",15.6,1920,1080,2020-04-01,https://www.pccomponentes.com/lenovo-ideapad-s145-15iwl-intel-core-i3-8145-8gb-512gb-ssd-156
"Lenovo V130-15IKB Intel Pentium 4417U/8GB/256 GB SSD/15.6""",Lenovo,81HN00VYSP,254402,259.0,259.0,0.0,21.0,87.1,34, Intel Pentium 4417U 2.3 GHz,2.3,, RAM 8GB,,8, Intel UHD Graphics 610, 256GB SSD M.2 PCIe NVMe,256,SSD,,,," 15.6"" 1366 x 768",15.6,1366,768,2020-04-01,https://www.pccomponentes.com/lenovo-v130-15ikb-intel-pentium-4417u-8gb-256-gb-ssd-156
"HP 15-DB0109NS AMD A9-9425/8GB/256GB SSD/15.6""",HP,7WC19EA#ABE,228812,299.0,299.0,0.0,21.0,89.8,49," AMD A9-9425 Dual-Core (frecuencia base de 3,1 GHz, frecuencia de ráfaga de hasta 3,7 GHz, 1 MB de caché)",3.1,3.7, RAM 8 GB DDR4-1866 SDRAM (1 x 8 GB),1866,8, Gráficos AMD Radeon? R4;, SSD M.2 de 256 GB,256,SSD,,,," Pantalla con retroiluminación WLED antirreflejo HD SVA de 39,6 cm (15,6"") en diagonal (1366 x 768)",15.6,1366,768,2020-04-01,https://www.pccomponentes.com/hp-15-db0109ns-amd-a9-9425-8gb-256gb-ssd-156
"Acer Aspire 5 A515-54-735N Intel Core i7-10510U/8GB/512GB SSD/15.6""",Acer,NX.HN2EB.001,244030,687.42,687.42,0.0,21.0,84.4,135, Intel® Core? i7-10510U 1.8 GHz 8MB,1.8,, RAM 8 GB DDR4 Memory,,8, Intel® UHD Graphics 620, 512GB PCIe NVMe SSD,512,SSD,,,," 15.6"" FHD Acer ComfyView LED LCD FHD (1920 x 1080)",15.6,1920,1080,2020-04-01,https://www.pccomponentes.com/acer-aspire-5-a515-54-735n-intel-core-i7-10510u-8gb-512gb-ssd-156
"Lenovo V145-15AST AMD A9-9425/8GB/256GB SSD/15.6""",Lenovo,81MT000VSP,248829,358.0,358.0,0.0,21.0,90.8,26," AMD A9-9425 (frecuencia base de 3,1 GHz, frecuencia de ráfaga de hasta 3,7 GHz, 1 MB de caché)",3.1,3.7, RAM 8GB DDR4-2133,2133,8, AMD Radeon? R5, 256 GB SSD,256,SSD,,,," LED 15.6"" 1920x1080 FullHD",15.6,1920,1080,2020-04-01,https://www.pccomponentes.com/lenovo-v145-15ast-amd-a9-9425-8gb-256gb-ssd-156
"HP 15S-EQ0011NS AMD Ryzen 3 3200U/8GB/512GB SSD/15.6""",HP,9PW19EA#ABE,259284,355.0,399.0,12.0,21.0,91.4,7," AMD Ryzen 3 3200U (4MB Cache, 2.6GHz)",2.6,, RAM 8GB (2400MHz) DDR4-SDRAM (1 x 8),2400,8, AMD Radeon™ Vega 3 Graphics, 512 GB PCIe® NVMe™ M.2 SSD,512,SSD,,,," 39.6 cm (15.6"") diagonal HD SVA anti-glare micro-edge WLED-backlit, 220 nits, 45% NTSC (1366 x 768)",15.6,1366,768,2020-04-01,https://www.pccomponentes.com/hp-15s-eq0011ns-amd-ryzen-3-3200u-8gb-512gb-ssd-156
"Lenovo V145-15AST AMD A4-9125/8GB/256GB SSD/15.6""",Lenovo,81MT001SSP,208436,299.0,299.0,0.0,21.0,84.3,23," AMD A4-9125 (2C, 2.3 / 2.6GHz, 1MB)",2.3,2.6, RAM 8GB DDR4 2133 (1/1 sockets),2133,8, AMD Radeon? R3, 256GB SSD,256,SSD,,,," 15.6"" 1366x768 HD (LED Mate)",15.6,1366,768,2020-04-01,https://www.pccomponentes.com/lenovo-v145-15ast-amd-a4-9125-8gb-256gb-ssd-156
"Lenovo Ideapad C340-14API AMD Ryzen 5 3500U/8GB/256GB SSD/14"" Táctil",Lenovo,81N6006HSP,252509,599.0,599.0,0.0,21.0,84.1,29," AMD Ryzen 5 3500U (4C / 8T, 2.1 / 3.7GHz, 2MB L2 / 4MB L3)",2.1,3.7, RAM 4GB Soldered + 4GB DIMM DDR4-2400,2400,8, Integrated AMD Radeon Vega 8 Graphics, 256GB SSD M.2 2280 PCIe NVMe,256,SSD,,,," 14"" FHD (1920x1080) TN 220nits Glossy 10-point Multi-touch",14.0,1920,1080,2020-04-01,https://www.pccomponentes.com/lenovo-ideapad-c340-14api-amd-ryzen-5-3500u-8gb-256gb-ssd-14-tactil
"Lenovo IdeaPad S145-15IIL Intel Core i7-1065G7/8 GB/512GB SSD/15.6""",Lenovo,81W800BESP,280987,699.0,699.0,0.0,21.0,90.0,2," Intel Core i7-1065G7 (4C / 8T, 1.3 / 3.9GHz, 8MB)",1.3,3.9, RAM 4GB Soldered DDR4-2666 + 4GB DIMM DDR4-2666,2666,8, Integrated Intel UHD Graphics 620, 512GB SSD M.2 2280 PCIe NVMe,512,SSD,,,," 15.6"" FHD (1920x1080) TN 220nits Anti-glare",15.6,1920,1080,2020-04-01,https://www.pccomponentes.com/lenovo-ideapad-s145-15iil-intel-core-i7-1065g7-8-gb-512gb-ssd-156
"Lenovo Ideapad 330-15AST AMD A6-9225/4GB/128GB SSD/15.6""",Lenovo,81D600SDSP,258755,209.0,299.0,31.0,21.0,70.0,6," AMD A6-9225 (2C / 2T, 2.6 / 3.0GHz, 1MB L2)",2.6,3.0, RAM 4GB DIMM DDR4-2133,2133,4, Integrada," 128GB SSD 2.5"" SATA6Gb/s",128,SSD,,,," 15.6"" HD (1366x768) TN 200nits Anti-glare",15.6,1366,768,2020-04-01,https://www.pccomponentes.com/lenovo-ideapad-330-15ast-amd-a6-9225-4gb-128gb-ssd-156
"MSI Modern 14 A10M-600XES Intel Core I5-10210U/16GB/512GB SSD/14""",MSI,9S7-14B361-600,236663,789.0,789.0,0.0,21.0,93.6,75, Comet lake I5-10210U,,, DDR IV 16GB (2666MHz),2666,16, UMA, 512GB NVMe PCIe SSD,512,SSD,,,," 14"" FHD (1920*1080), IPS-Level 60Hz 72%NTSC Thin Bezel, close to 100%sRGB",14.0,1920,1080,2020-04-01,https://www.pccomponentes.com/msi-modern-14-a10m-600xes-intel-core-i5-10210u-16gb-512gb-ssd-14
"HP Notebook 15S-FQ1042NS Intel Core i7-1065G7/8GB/512GB SSD/15.6""",HP,8PS30EA#ABE,252337,535.0,599.0,11.0,21.0,91.9,27," Intel® Core? i7-1065G7 (frecuencia base de 1,3 GHz, hasta 3,9 GHz con tecnología Intel® Turbo Boost, 8 MB de caché, 4 núcleos)",1.3,3.9, RAM SDRAM DDR4-2666 de 8 GB (1 x 8 GB),2666,8, Gráficos Intel® Iris® Plus, SSD de 512 GB PCIe® NVMe? M.2,512,SSD,,,," Pantalla con retroiluminación WLED antirreflejo HD SVA de 39,6 cm (15,6 pulgadas) en diagonal de tipo micro-edge (1366 x 768)",15.6,1366,768,2020-04-01,https://www.pccomponentes.com/hp-notebook-15s-fq1042ns-intel-core-i7-1065g7-8gb-512gb-ssd-156
"Asus K543UA-GQ3040 Intel Core i3-6006/8GB/256GB SSD/15.6""",Asus,K543UA-GQ3040,264616,329.0,329.0,0.0,21.0,87.3,11," Intel® Core i3-6006 (2 Núcleos, 4 Subprocesos, Caché: 3MB SmartCache, 2.0GHz, 64-bit)",2.0,, RAM 8GB (4GB + 4GB [EN PLACA]) DDR4 2133MHz,2133,8, Intel® HD Graphics 620, 256GB SSD SATA3,256,SSD,,,," 15.6"" (39,62cm) LED Retroiluminado / 60Hz / Ultra Slim / 200nits / HD (1366x768/16:9) / Antirreflejos / NTSC:45%",15.6,1366,768,2020-04-01,https://www.pccomponentes.com/asus-k543ua-gq3040-intel-core-i3-6006-8gb-256gb-ssd-156
"HP Notebook 15-DA0250NS Intel Celeron N4000/4GB/128GB SSD/15.6""",HP,8PL02EA#ABE,252514,199.0,248.99,21.0,21.0,84.3,23," Intel® Celeron® N4000 (frecuencia base de 1,1 GHz, frecuencia de ráfaga de hasta 2,6 GHz, 4 MB de caché, 2 núcleos)",1.1,2.6, RAM SDRAM de 4 GB DDR4-2400 (1 x 4 GB) Velocidades de transferencia de hasta 2400 MT/s,2400,4, Gráficos Intel® UHD 600, SSD M.2 de 128 GB,128,SSD,,,," Pantalla con retroiluminación WLED antirreflejo HD SVA de 39,6 cm (15,6 pulgadas) en diagonal de tipo micro-edge (1366 x 768)",15.6,1366,768,2020-04-01,https://www.pccomponentes.com/hp-notebook-15-da0250ns-intel-celeron-n4000-4gb-128gb-ssd-156
"Acer Aspire 3 A315-42-R6LL AMD Ryzen 5 3500U/8GB/512GB SSD/15.6""",Acer,NX.HF9EB.00C,257949,499.0,499.0,0.0,21.0,86.7,3, AMD Ryzen™ 5 3500U 2.1GHz,2.1,, RAM 8 GB DDR4 SDRAM,,8, AMD Radeon Vega 8, 512 GB SSD,512,SSD,,,," 15.6"" HD Acer ComfyView FHD (1920 x 1080)",15.6,1920,1080,2020-04-01,https://www.pccomponentes.com/acer-aspire-3-a315-42-r6ll-amd-ryzen-5-3500u-8gb-512gb-ssd-156
"MSI GF75 Thin 9SD-006XES Intel Core i7-9750H/16GB/1TB SSD/GTX1660Ti/17.3""",MSI,9S7-17F312-006,238805,1099.99,1348.99,19.0,21.0,92.3,13, Intel® Core? Coffeelake refresh i7-9750H+HM370,,, RAM DDR IV 8GB*2 (2666MHz),2666,16," GeForce® GTX 1660 Ti ,GDDR6 6GB", 1TB NVMe PCIe Gen3x4 SSD,1000,SSD,,,," 17.3"" FHD (1920*1080), IPS-Level 120Hz Thin Bezel",17.3,1920,1080,2020-04-01,https://www.pccomponentes.com/msi-gf75-thin-9sd-006xes-intel-core-i7-9750h-16gb-1tb-ssd-gtx1660ti-173
"Asus TUF Gaming FX505GT-BQ025 Intel Core i5-9300H/16GB/1TB+256GB SSD/GTX 1650/15.6""",Asus,FX505GT-BQ025,253835,799.0,898.99,12.0,21.0,89.1,33," Intel® Core? i5-9300H (4 Núcleos, 8 Subprocesos, Caché: 8MB SmartCache, 2.40GHz hasta 4.10GHz, 64-bit)",2.4,4.1, RAM 16GB (8GB*2) DDR4 2666MHz,2666,16, NVIDIA® GeForce® GTX 1650 4GB GDDR5 VRAM, 256GB SSD M.2 PCIe® NVMe ,256,SSD,  1TB 5400rpm SATA,256,SATA," 15.6"" LED FullHD (1920 x 1080) 16:9 IPS Antirreflejos",15.6,1920,1080,2020-04-01,https://www.pccomponentes.com/asus-tuf-gaming-fx505gt-bq025-intel-core-i5-9300h-16gb-1tb-256gb-ssd-gtx-1650-156
"Lenovo Ideapad 330-15AST AMD A6-9225/4 GB/128GB SSD/15.6""",Lenovo,81D600SCSP,280985,269.0,349.0,23.0,21.0,60.0,1," AMD A6-9225 (2C / 2T, 2.6 / 3.0GHz, 1MB L2)",2.6,3.0, RAM 4GB DIMM DDR4-2133,2133,4, Integrada," 128GB SSD 2.5"" SATA6Gb/s",128,SSD,,,," 15.6"" HD (1366x768) TN 200nits Anti-glare",15.6,1366,768,2020-04-01,https://www.pccomponentes.com/lenovo-ideapad-330-15ast-amd-a6-9225-4-gb-128gb-ssd-156
"HP 255 G7 AMD A4-9125/8GB/256GB SSD/15.6""",HP,6MP63EA,259301,319.0,319.0,0.0,21.0,97.5,8," AMD A4-9125 (2.3 GHz, 1MB)",2.3,, RAM 8GB DDR4 SODIMM 1866MHz,1866,8, AMD Radeon R3, 256 GB SSD M.2,256,SSD,,,," 15.6"" LED HD (1366 x 768) 16:9",15.6,1366,768,2020-04-01,https://www.pccomponentes.com/hp-255-g7-amd-a4-9125-8gb-256gb-ssd-156
"Lenovo IdeaPad S145-15IIL Intel Core i5-1035G1/8GB/512GB SSD/15.6""",Lenovo,81W800BASP,281015,499.0,499.0,0.0,21.0,90.0,2," Intel Core i5-1035G1 (4C / 8T, 1.0 / 3.6GHz, 6MB)",1.0,3.6, RAM 4GB Soldered DDR4-2666 + 4GB DIMM DDR4-2666,2666,8, Integrated Intel UHD Graphics 620, 512GB SSD M.2 2280 PCIe NVMe,512,SSD,,,," 15.6"" FHD (1920x1080) TN 220nits Anti-glare",15.6,1920,1080,2020-04-01,https://www.pccomponentes.com/lenovo-ideapad-s145-15iil-intel-core-i5-1035g1-8gb-512gb-ssd-156
"HP 15S-FQ1048NS Intel Core i5-1035G1/8GB/512GB SSD/15.6""",HP,8RW17EA,265908,585.0,585.0,0.0,21.0,100.0,1," Intel® Core™ i5-1035G1 (frecuencia base de 1,0 GHz, hasta 3,6 GHz con tecnología Intel® Turbo Boost, 6 MB de caché, 4 núcleos)",1.0,3.6, RAM SDRAM DDR4-2666 de 8 GB (1 x 8 GB),2666,8, Gráficos Intel® UHD, SSD de 512 GB PCIe® NVMe™ M.2,512,SSD,,,," Pantalla con retroiluminación WLED antirreflejo HD SVA de 39,6 cm (15,6 pulgadas) en diagonal de tipo micro-edge (1366 x 768)",15.6,1366,768,2020-04-01,https://www.pccomponentes.com/hp-15s-fq1048ns-intel-core-i5-1035g1-8gb-512gb-ssd-156
"Asus Zenbook 14 UM431DA-AM022 AMD Ryzen 7 3700U/16GB/512GB SSD/14""",Asus,UM431DA-AM022,258799,699.0,699.0,0.0,21.0,97.5,8," AMD® RyzenTM 7 3700U (4 Núcleos, 8 Subprocesos, Caché: 4MB Level 3, 2.3GHz hasta 4.0GHz, 64-bit)",2.3,4.0, RAM 16GB (16GB [EN PLACA]) DDR4 2400MHz,2400,16, AMD® Radeon RX Vega 10 Graphics, 512GB SSD M.2 PCIe® Gen3  NVMe,512,SSD, 512GB SSD M.2 PCIe® Gen3  NVMe,512,SSD," 14"" (35,56cm) LED Retroiluminado / 60Hz / NanoEdge (Borde Estrecho) / Ultra Slim / 250nits / FHD (1920x1080/16:9) / Antirreflejos / NTSC:72% / SRGB:100% / IPS / Ángulo de Visión de 178°",14.0,1920,1080,2020-04-01,https://www.pccomponentes.com/asus-zenbook-14-um431da-am022-amd-ryzen-7-3700u-16gb-512gb-ssd-14
"MSI Modern 14 A10RB-663XES Intel Core i7-10510U/16GB/512GB SSD/MX250/14""",MSI,9S7-14B352-663,237941,949.0,999.0,6.0,21.0,95.0,36, Comet lake I7-10510U,,, DDR IV 16GB (2666MHz),2666,16," GeForce® MX250, 2GB GDDR5", 512GB NVMe PCIe SSD,512,SSD,,,," 14"" FHD (1920*1080), IPS-Level 60Hz 72%NTSC Thin Bezel, close to 100%sRGB",14.0,1920,1080,2020-04-01,https://www.pccomponentes.com/msi-modern-14-a10rb-663xes-intel-core-i7-10510u-16gb-512gb-ssd-mx250-14
"MSI GF65 Thin 9SEXR-236XES Intel Core i7-9750H/16GB/512GB SSD/RTX 2060/15.6""",MSI,9S7-16W112-236,258577,1099.99,1399.0,22.0,21.0,80.0,10," Intel® Core i7-9750H (6 Núcleos, 12MB Caché, 2.6GHz hasta 4.5GHz, 64-bit)",2.6,4.5, RAM DDR IV 8GB*2 (2666MHz),2666,16," RTX 2060, GDDR6 6GB", 512GB NVMe PCIe SSD,512,SSD,,,," 15.6"" FHD (1920*1080), IPS-Level 120Hz Thin Bezel",15.6,1920,1080,2020-04-01,https://www.pccomponentes.com/msi-gf65-thin-9sexr-236xes-intel-core-i7-9750h-16gb-512gb-ssd-rtx-2060-156
"Asus UX533FD-A8047 Intel Core i7-8565U/16GB/512GB SSD/GTX1050/15.6""",Asus,UX533FD-A8047,259315,999.0,1299.0,24.0,21.0,88.2,17," Intel® Core i7-8565U (4 Núcleos, 8M Caché, 1.80 GHz hasta 4.60 GHz, 64-bit)",1.8,4.6, RAM 16GB (16GB [EN PLACA]) DDR4 2400MHz,2400,16, NVIDIA® GeForce® GTX1050 con Diseño Max-Q. 2GB GDDR5 VRAM, 512GB SSD M.2 PCIEG3 NVME,512,SSD, 512GB SSD M.2 PCIEG3 NVME,512,SSD," 15.6"" (39,62cm) LED Retroiluminado / 60Hz / Borde Estrecho / Ultra Slim / 300nits / FHD (1920x1080/16:9) / Antirreflejos / NTSC:72% / Adobe:100% / IPS / Ángulo de Visión de 178°",15.6,1920,1080,2020-04-01,https://www.pccomponentes.com/asus-ux533fd-a8047-intel-core-i7-8565u-16gb-512gb-ssd-gtx1050-156
"Lenovo Legion Y540-15IRH-PG0 Intel Core i7-9750H/8GB/512GB SSD/GTX1650/15.6""",Lenovo,81SY00ANSP,250009,849.0,898.99,6.0,21.0,86.7,6," Intel Core i7-9750H (6C / 12T, 2.6 / 4.5GHz, 12MB)",2.6,4.5, RAM 1x 8GB DIMM DDR4-2666,2666,8, NVIDIA GeForce GTX 1650 4GB GDDR5, 512GB SSD M.2 2280 PCIe NVMe,512,SSD,,,," 15.6"" FHD (1920x1080) IPS 250nits Anti-glare, 60Hz",15.6,1920,1080,2020-04-01,https://www.pccomponentes.com/lenovo-legion-y540-15irh-pg0-intel-core-i7-9750h-8gb-512gb-ssd-gtx1650-156
"Lenovo V130-15IKB Intel Core i5-8250U/8GB/512GB SSD/15.6""",Lenovo,81HN00TSSP,257427,594.59,594.59,0.0,21.0,87.5,8," Intel® Core™ i5-8250U (4 núcleos, hasta 3.1GHz)",,3.1, RAM 8 GB DDR4 2133 MHz (4GB soldada en placa + 4GB DIMM),2133,8, Intel HD Graphics 620, 512 GB SSD M2 (2242) PCIe NVMe 3.0,512,SSD, 512 GB SSD M2 (2242) PCIe NVMe 3.0,512,SSD," 15.6"" FHD (1920x1080) TN 220nits Mate",15.6,1920,1080,2020-04-01,https://www.pccomponentes.com/lenovo-v130-15ikb-intel-core-i5-8250u-8gb-512gb-ssd-156
"Lenovo ideapad L340-15IRH Gaming Intel Core i7-9750H/16GB/512GB SSD/GTX1650/15.6""",Lenovo,81LK00G0SP,258742,889.0,1098.99,20.0,21.0,96.9,13," Intel Core i7-9750H (6C / 12T, 2.6 / 4.5GHz, 12MB)",2.6,4.5, RAM 16GB DIMM DDR4-2400,2400,16, NVIDIA GeForce GTX 1650 4GB GDDR5, 512GB SSD M.2 2242 PCIe NVMe 3.0,512,SSD, 512GB SSD M.2 2242 PCIe NVMe 3.0,512,SSD," 15.6"" FHD (1920x1080) TN 220nits Anti-glare",15.6,1920,1080,2020-04-01,https://www.pccomponentes.com/lenovo-ideapad-l340-15irh-gaming-intel-core-i7-9750h-16gb-512gb-ssd-gtx1650-156
"Lenovo V130-15IKB Intel Core i3-7020U/8GB/256 GB SSD/15.6""",Lenovo,81HN00PCSP,220522,360.0,360.0,0.0,21.0,84.0,20, Intel® Core? i3-7020U (hasta 2.3GHz),,2.3, RAM 8GB (4GB soldada en placa; 1/1 sockets) DDR4-2133MHz,2133,8, Intel HD Graphics 620, 256GB M.2 (2242) SSD / PCIe 3.0 NVMe ,256,SSD,,,," 15.6"" (1920x1080 FullHD) LED mate",15.6,1920,1080,2020-04-01,https://www.pccomponentes.com/lenovo-v130-15ikb-intel-core-i3-7020u-8gb-256-gb-ssd-156
"Apple MacBook Air Intel Core i5/8GB/128GB SSD/13.3"" Gris Espacial",Apple,MVFH2Y/A,220607,999.0,999.0,0.0,21.0,94.0,47,"Intel Core i5 de doble núcleo a 1,6 GHz (Turbo Boost de hasta 3,6 GHz) y 4 MB de caché de nivel 3",1.6,3.6,8 GB de memoria LPDDR3 integrada a 2.133 MHz,2133,8,Intel UHD Graphics 617Compatible con procesadores gráficos externos (eGPU) con tecnología Thunderbolt 3,SSD PCIe de 128 GB,128,SSD,,,,"Pantalla RetinaPantalla retroiluminada por LED de 13,3 pulgadas (en diagonal) con tecnología IPS; resolución nativa de 2.560 por 1.600 a 227 píxeles por pulgada compatible con millones de coloresResoluciones adaptadas compatibles:1.680 por 1.0501.440 por 9001.024 por 640Relación dimensional de 16:10Tecnología True Tone",13.3,,,2020-04-01,https://www.pccomponentes.com/apple-macbook-air-intel-core-i5-8gb-128gb-ssd-133-gris-espacial
"MSI Modern 14 A10M-812XES Intel Core I5-10210U/8GB/512GB SSD/14""",MSI,9S7-14B362-812,247575,699.0,699.0,0.0,21.0,95.6,9, Comet lake I5-10210U,,, DDR IV 8GB (2666MHz),2666,8, UMA, 512GB NVMe PCIe SSD,512,SSD,,,," 14"" FHD (1920*1080), IPS-Level 60Hz 72%NTSC Thin Bezel, close to 100%sRGB",14.0,1920,1080,2020-04-01,https://www.pccomponentes.com/msi-modern-14-a10m-812xes-intel-core-i5-10210u-8gb-512gb-ssd-14
"Lenovo V145-15AST AMD A4-9125/4 GB/256GB SSD/15.6""",Lenovo,81MT004JSP,257078,249.0,249.0,0.0,21.0,90.0,8," AMD A4-9125 (2 núcleos, 2.3/2.6 GHz, 1MB caché L2)",2.3,2.6, RAM 4 GB DIMM DDR4 1866 MHz,1866,4, AMD Radeon™ R3," 256 GB SSD 2.5"" SATA 6Gb/s",256,SSD,,,," 15.6"" HD (1366x768) TN 200nits Mate",15.6,1366,768,2020-04-01,https://www.pccomponentes.com/lenovo-v145-15ast-amd-a4-9125-4-gb-256gb-ssd-156
"Asus Rog Strix G731GU-H7154 Intel Core i7-9750H/16GB/512GB SSD/GTX1660Ti/17.3""",Asus,G731GU-H7154,250060,1116.83,1116.83,0.0,21.0,93.3,9," Intel® Core? i7-9750H (6 Núcleos, 12MB Caché, 2.6GHz hasta 4.5GHz, 64-bit)",2.6,4.5, RAM 16GB (16GB) DDR4 2666MHz,2666,16, NVIDIA® GeForce® GTX1660Ti 6GB GDDR6 VRAM,  512GB SSD M.2 PCIE NVME,512,SSD,,,," 17.3"" - 43,94 cm / LED Retroiluminado / FHD (1920x1080/16:9) / 120Hz / 250nits / 16ms / Antirreflejos / NTSC 45% / SRGB 67% / Adobe 50% / Contraste 800:1 / IPS / Ángulo de Visión de 170°",17.3,1920,1080,2020-04-01,https://www.pccomponentes.com/asus-rog-strix-g731gu-h7154-intel-core-i7-9750h-16gb-512gb-ssd-gtx1660ti-173
"Apple MacBook Air Intel Core i5/8GB/256GB SSD/13.3"" Plata",Apple,MVFL2Y/A,220623,1089.0,1089.0,0.0,21.0,100.0,6,"Intel Core i5 de doble núcleo a 1,6 GHz (Turbo Boost de hasta 3,6 GHz) y 4 MB de caché de nivel 3",1.6,3.6,8 GB de memoria LPDDR3 integrada a 2.133 MHz,2133,8,Intel UHD Graphics 617Compatible con procesadores gráficos externos (eGPU) con tecnología Thunderbolt 3,SSD PCIe de 256 GB,256,SSD,,,,"Pantalla RetinaPantalla retroiluminada por LED de 13,3 pulgadas (en diagonal) con tecnología IPS; resolución nativa de 2.560 por 1.600 a 227 píxeles por pulgada compatible con millones de coloresResoluciones adaptadas compatibles:1.680 por 1.0501.440 por 9001.024 por 640Relación dimensional de 16:10Tecnología True Tone",13.3,,,2020-04-01,https://www.pccomponentes.com/apple-macbook-air-intel-core-i5-8gb-256gb-ssd-133-plata
"Lenovo IdeaPad S145-15IWL Intel Core i3-8145U/8GB/256GB SSD/15.6""",Lenovo,81MV007MSP,254258,399.0,399.0,0.0,21.0,85.0,12," Intel Core i3-8145U (2C / 4T, 2.1 / 3.9GHz, 4MB)",2.1,3.9, RAM 8GB DIMM DDR4-2400,2400,8, Integrated Intel UHD Graphics 620, 256GB SSD M.2 2280 SATA6Gb/s,256,SSD,,,," 15.6"" HD (1366x768) TN 220nits Anti-glare",15.6,1366,768,2020-04-01,https://www.pccomponentes.com/lenovo-ideapad-s145-15iwl-intel-core-i3-8145u-8gb-256gb-ssd-156
"Lenovo IdeaPad S145-15IIL Intel Core i7-1065G7/8GB/512GB SSD/15.6""",Lenovo,81W800BCSP,280974,599.0,599.0,0.0,21.0,100.0,1," Intel Core i7-1065G7 (4C / 8T, 1.3 / 3.9GHz, 8MB)",1.3,3.9, RAM 4GB Soldered DDR4-2666 + 4GB DIMM DDR4-2666,2666,8, Integrated Intel UHD Graphics 620, 512GB SSD M.2 2280 PCIe NVMe,512,SSD,,,," 15.6"" FHD (1920x1080) TN 220nits Anti-glare",15.6,1920,1080,2020-04-01,https://www.pccomponentes.com/lenovo-ideapad-s145-15iil-intel-core-i7-1065g7-8gb-512gb-ssd-156
"HP Pavilion 14-CE3006NS Intel Core i7-1065G7/16GB/512GB SSD/MX250/14""",HP,8KW16EA#ABE,252237,949.0,949.0,0.0,21.0,92.9,17," Intel® Core? i7-1065G7 (frecuencia base de 1,3 GHz, hasta 3,9 GHz con tecnología Intel® Turbo Boost, 8 MB de caché, 4 núcleos)",1.3,3.9, RAM SDRAM DDR4-2666 de 16 GB (1 x 16 GB),2666,16, NVIDIA® GeForce® MX250 (GDDR5 de 4 GB dedicada) ;, SSD de 512 GB PCIe® NVMe? M.2,512,SSD,,,," FHD IPS de 14"" (35,6 cm) en diagonal antirreflectante de microborde con retroiluminación WLED (1920 x 1080)",14.0,1920,1080,2020-04-01,https://www.pccomponentes.com/hp-pavilion-14-ce3006ns-intel-core-i7-1065g7-16gb-512gb-ssd-mx250-14
"Lenovo Ideapad S145-15AST AMD A6-9225/8GB/256GB SSD/15.6""",Lenovo,81N300A3SP,250915,349.0,349.0,0.0,21.0,84.0,5," AMD A6-9225 (2C / 2T, 2.6 / 3.0GHz, 1MB / L2)",2.6,3.0, RAM 8GB DIMM DDR4-2133,2133,8, AMD Radeon R4 Graphics," 256GB SSD 2.5"" SATA6Gb/s",256,SSD,,,," 15.6"" FHD (1920x1080) TN 220nits Anti-glare",15.6,1920,1080,2020-04-01,https://www.pccomponentes.com/lenovo-ideapad-s145-15ast-amd-a6-9225-8gb-256gb-ssd-156
"Lenovo IdeaPad S145-15IKB Intel Core i3-7020U/8GB/512GB SSD/15.6""",Lenovo,81VD005TSP,281918,399.0,459.0,14.0,21.0,0.0,0," Intel Core i3-7020U (2C / 4T, 2.3GHz, 3MB)",2.3,, RAM 4GB Soldered DDR4-2133 + 4GB SO-DIMM DDR4-2133,2133,8, Integrated Intel UHD Graphics 620, 512GB SSD M.2 2280 PCIe NVMe,512,SSD,,,," 15.6"" FHD (1920x1080) TN 220nits Anti-glare",15.6,1920,1080,2020-04-01,https://www.pccomponentes.com/lenovo-ideapad-s145-15ikb-intel-core-i3-7020u-8gb-512gb-ssd-156
"Lenovo Ideapad 330-15ICH Intel Core i7-8750H/8 GB/1TB/GTX1050/15.6""",Lenovo,81FK00A3SP,237951,599.0,898.99,34.0,21.0,81.3,30," Intel Core i7-8750H (6C, 2.2 / 4.1GHz, 9MB)",2.2,4.1, RAM 4GB Soldered + 4GB DIMM DDR4-2400,2400,8, NVIDIA GeForce GTX 1050 2GB GDDR5, 1TB 5400rpm,1000,,,,," 15.6"" FHD (1920x1080) Anti-glare",15.6,1920,1080,2020-04-01,https://www.pccomponentes.com/lenovo-ideapad-330-15ich-intel-core-i7-8750h-8-gb-1tb-gtx1050-156
"Lenovo IdeaPad S145-15IWL Intel Core i5-8265U/8GB/256GB SSD/15.6""",Lenovo,81MV003JSP,254257,469.0,529.0,12.0,21.0,91.1,27," Intel Core i5-8265U (4C / 8T, 1.6 / 3.9GHz, 6MB)",1.6,3.9, RAM 8GB DIMM DDR4-2400,2400,8, Integrated Intel UHD Graphics 620, 256GB SSD M.2 2280 SATA6Gb/s,256,SSD,,,," 15.6"" HD (1366x768) TN 220nits Anti-glare",15.6,1366,768,2020-04-01,https://www.pccomponentes.com/lenovo-ideapad-s145-15iwl-intel-core-i5-8265u-8gb-256gb-ssd-156
"Asus K543BA-GQ749 AMD A9-9425/8GB/256GB SSD/15.6""",Asus,K543BA-GQ749,264620,279.0,279.0,0.0,21.0,90.0,4," AMD® Dual-Core A9-9425 (2 Núcleos, 2 Subprocesos, Caché: 1MB Level 2, 3.1GHz hasta 3.7GHz, 64-bit)",3.1,3.7, RAM 8GB (8GB) DDR4 2400MHz,2400,8, AMD® RadeonTM R5 Graphics, 256GB SSD SATA3,256,SSD,,,," 15.6"" (39,62cm) LED Retroiluminado / 60Hz / Ultra Slim / 200nits / HD (1366x768/16:9) / Antirreflejos / NTSC:45%",15.6,1366,768,2020-04-01,https://www.pccomponentes.com/asus-k543ba-gq749-amd-a9-9425-8gb-256gb-ssd-156
"MSI GP75 Leopard 9SF-1037XES Intel Core i7-9750H/16GB/1TB SSD/RTX 2070/17.3""",MSI,9S7-17E221-1037,226157,1599.0,1599.0,0.0,21.0,94.0,107," Intel Core Coffeelake refresh i7-9750H+HM370 (12 MB de caché, hasta 4,50 GHz)",,4.5, DDR IV 8GB*2 (2666MHz),2666,16," GeForce® RTX 2070, GDDR6 8GB", 1TB NVMe PCIe Gen3x4 SSD,1000,SSD,,,," 17.3"" FHD (1920*1080), IPS-Level 120Hz Thin Bezel",17.3,1920,1080,2020-04-01,https://www.pccomponentes.com/msi-gp75-leopard-9sf-1037xes-intel-core-i7-9750h-16gb-1tb-ssd-rtx-2070-173
"MSI Modern 14 A10M-499XES Intel Core i7-10510U/16GB/512GB SSD/14""",MSI,9S7-14B362-499,236295,849.0,898.99,6.0,21.0,85.7,35, Comet lake I7-10510U,,, DDR IV 16GB (2666MHz),2666,16, UMA, 512GB NVMe PCIe SSD,512,SSD,,,," 14"" FHD (1920*1080), IPS-Level 60Hz 72%NTSC Thin Bezel, close to 100%sRGB",14.0,1920,1080,2020-04-01,https://www.pccomponentes.com/msi-modern-14-a10m-499xes-intel-core-i7-10510u-16gb-512gb-ssd-14
"HP 240 G7 Intel Celeron N4000/8GB/128GB SSD/14""",HP,6HL12EA,213079,319.0,319.0,0.0,21.0,94.3,14," Intel® Celeron N4000 (1.1 GHz, 4 MB)",1.1,, RAM 8GB DDR4 SODIMM,,8, Intel HD Grapchis, 128 GB SSD M.2,128,SSD,,,," 14"" LED HD (1366 x 768) 16:9",14.0,1366,768,2020-04-01,https://www.pccomponentes.com/hp-240-g7-intel-celeron-n4000-8gb-128gb-ssd-14
"HP 15-DA0208NS Intel Core i3-7020U/8GB/256GB SSD/15.6""",HP,6EN42EA,251843,398.99,398.99,0.0,21.0,82.2,9," Intel® Core i3-7020U(2.3 GHz, 3MB)",2.3,, RAM 8 GB DDR4-2133 SDRAM (1 x 8 GB),2133,8, Intel HD Graphics 620, SSD de 256 GB PCIe® NVMe? M.2,256,SSD,,,," Pantalla con retroiluminación WLED HD SVA BrightView de 39,6 cm (15,6 pulgadas) en diagonal (1366 x 768)",15.6,1366,768,2020-04-01,https://www.pccomponentes.com/hp-15-da0208ns-intel-core-i3-7020u-8gb-256gb-ssd-156
"Asus TUF Gaming FX505GT-BQ028 Intel Core i7-9750H/16GB/512GB SSD/GTX 1650/15.6""",Asus,FX505GT-BQ028,256827,879.0,999.0,13.0,21.0,87.7,227," Intel® Core™ i7-9750H (6 Núcleos, 12 Subprocesos, Caché: 12MB Level 3, 2.6GHz hasta 4.5GHz, 64-bit)",2.6,4.5, RAM 16GB (8GB*2) DDR4 2666MHz,2666,16, NVIDIA® GeForce® GTX 1650 4GB GDDR5 VRAM, 512GB SSD M.2 PCIe® NVMe,512,SSD,,,," 15.6"" LED FullHD (1920 x 1080) 16:9 IPS Antirreflejos",15.6,1920,1080,2020-04-01,https://www.pccomponentes.com/asus-tuf-gaming-fx505gt-bq028-intel-core-i7-9750h-16gb-512gb-ssd-gtx-1650-156
"Lenovo V130-15IKB Intel Core i3-7020U/8GB/256GB SSD/15.6""",Lenovo,81HN00PBSP,220511,419.0,419.0,0.0,21.0,90.0,10, Intel® Core™ i3-7020U (hasta 2.3GHz),,2.3, RAM 8GB (4GB soldada en placa; 1/1 sockets) DDR4-2133MHz,2133,8, Intel HD Graphics 620, 256GB M.2 (2242) SSD / PCIe 3.0 NVMe,256,SSD,,,," 15.6"" (1920x1080 FullHD) LED mate",15.6,1920,1080,2020-04-01,https://www.pccomponentes.com/lenovo-v130-15ikb-intel-core-i3-7020u-8gb-256gb-ssd-156
"Apple MacBook Air Intel Core i5/8GB/256GB SSD/13.3"" Gris Espacial",Apple,MVFJ2Y/A,220615,1089.0,1089.0,0.0,21.0,97.1,14,"Intel Core i5 de doble núcleo a 1,6 GHz (Turbo Boost de hasta 3,6 GHz) y 4 MB de caché de nivel 3",1.6,3.6,8 GB de memoria LPDDR3 integrada a 2.133 MHz,2133,8,Intel UHD Graphics 617Compatible con procesadores gráficos externos (eGPU) con tecnología Thunderbolt 3,SSD PCIe de 256 GB,256,SSD,,,,"Pantalla RetinaPantalla retroiluminada por LED de 13,3 pulgadas (en diagonal) con tecnología IPS; resolución nativa de 2.560 por 1.600 a 227 píxeles por pulgada compatible con millones de coloresResoluciones adaptadas compatibles:1.680 por 1.0501.440 por 9001.024 por 640Relación dimensional de 16:10Tecnología True Tone",13.3,,,2020-04-01,https://www.pccomponentes.com/apple-macbook-air-intel-core-i5-8gb-256gb-ssd-133-gris-espacial
"Acer Nitro 5 AN515-54-52G3 Intel Core i5-9300H/8GB/256GB SSD/GTX 1050/15.6""",Acer,NH.Q5AEB.02D,257918,599.0,699.0,15.0,21.0,97.5,8," Intel® Core i5-9300H (2.4Ghz, 8MB)",2.4,, 8 GB DDR4 ,,8, NVIDIA® GeForce GTX 1050 3GB GDDR5, 256GB SSD PCIe NVMe,256,SSD,,,," 15.6"" FullHD (1920 x 1080) 16:9 IPS ",15.6,1920,1080,2020-04-01,https://www.pccomponentes.com/acer-nitro-5-an515-54-52g3-intel-core-i5-9300h-8gb-256gb-ssd-gtx-1050-156
"Toshiba Satellite Pro R50-C-1E8 Intel Celeron 3855U/4GB/128GB SSD/15.6"" W10 Pro",Toshiba,PS571E-0L909MCE,157623,299.0,299.0,0.0,21.0,89.1,64," Intel® Celeron® 3855U de 6ª generación (1.60GHz, 2MB)",1.6,, RAM 4 GB DDR3L 1600 MHz,1600,4, Intel® HD Graphics 510, 128GB SSD M.2,128,SSD,,,," 39,6 cm (15,6 "") Pantalla Toshiba 1.366 x 768 (HD) Mate 16:9 Plana",15.6,1366,768,2020-04-01,https://www.pccomponentes.com/toshiba-satellite-pro-r50-c-1e8-intel-celeron-3855u-4gb-128gb-ssd-156-w10-pro
"Lenovo Ideapad 330-15ARR AMD Ryzen 5 2500U/8GB/256GB SSD/15.6""",Lenovo,81D2007KSP,254259,499.0,529.0,6.0,21.0,83.3,18," AMD Ryzen 5 2500U (4 núcleos, 2.0/3.6 GHz, 2MB caché)",2.0,3.6, RAM 8 GB DDR4 2400 MHz (4 GB Soldada a placa + 4 GB DIMM),2400,8, Integrado AMD Radeon Vega 8, 256 GB SSD,256,SSD,,,," 15.6"" HD (1366x768) Anti-glare",15.6,1366,768,2020-04-01,https://www.pccomponentes.com/lenovo-ideapad-330-15arr-amd-ryzen-5-2500u-8gb-256gb-ssd-156
"Lenovo Ideapad S540-14IWL Intel Core i7-8565/12GB/512GB SSD/14""",Lenovo,81ND00E2SP,250963,749.0,849.0,12.0,21.0,90.0,8," Intel Core i7-8565U (4C / 8T, 1.8 / 4.6GHz, 8MB)",1.8,4.6, RAM 4GB OnBoard+ 8GB DIMM DDR4-2400,2400,12, Intel UHD Graphics 620, 512GB SSD M.2 2280 PCIe NVMe,512,SSD,,,," 14"" FHD (1920x1080) IPS 300nits Glossy, Glass",14.0,1920,1080,2020-04-01,https://www.pccomponentes.com/lenovo-ideapad-s540-14iwl-intel-core-i7-8565-12gb-512gb-ssd-14
"Lenovo Legion Y540-15IRH Intel Core i7-9750H/16GB/1TB+256GB SSD/GTX1660Ti/15.6""",Lenovo,81SX00AYSP,229086,1199.0,1449.0,18.0,21.0,90.0,16," Intel Core i7-9750H (6C / 12T, 2.6 / 4.5GHz, 12MB)",2.6,4.5, RAM 2x 8GB DIMM DDR4-2666,2666,8, NVIDIA GeForce GTX 1660 Ti 6GB GDDR6, 256GB SSD M.2 2280 PCIe NVMe ,256,SSD," 1TB HDD 7200rpm 2.5""",256,HDD," 15.6"" FHD (1920x1080) IPS 300nits Anti-glare, 144Hz",15.6,1920,1080,2020-04-01,https://www.pccomponentes.com/lenovo-legion-y540-15irh-intel-core-i7-9750h-16gb-1tb-256gb-ssd-gtx1660ti-156
"Lenovo IdeaPad S340-15API AMD Ryzen 3 3200U/4GB/128GB SSD/15.6""",Lenovo,81NC007QSP,254260,349.0,428.99,19.0,21.0,89.1,11," AMD Ryzen 3 3200U (2C / 4T, 2.6 / 3.5GHz, 1MB L2 / 4MB L3)",2.6,3.5, RAM 4GB Soldered DDR4-2400,2400,4, Integrated AMD Radeon Vega 3 Graphics, 128GB SSD M.2 2242 PCIe NVMe 3.0,128,SSD, 128GB SSD M.2 2242 PCIe NVMe 3.0,128,SSD," 15.6"" FHD (1920x1080) TN 220nits Anti-glare",15.6,1920,1080,2020-04-01,https://www.pccomponentes.com/lenovo-ideapad-s340-15api-amd-ryzen-3-3200u-4gb-128gb-ssd-156
"Lenovo Ideapad 330-15ICH Intel Core i7-8750H/8 GB/1TB/GTX 1050/15.6""",Lenovo,81FK00ENSP,258875,599.0,898.99,34.0,21.0,80.0,19," Intel Core i7-8750H (6 núcleos, frecuencia hasta 4.1 GHz, 9MB caché)",,4.1, RAM 8 GB DDR4 2400 MHz (4GB soldada a placa + 4GB DIMM),2400,8, Nvidia GeForce GTX 1050 2GB GDDR5," 1TB 2.5"" SATA3 5400rpm",1000,SATA,,,," 15.6"" FHD (1920x1080) Anti-glare",15.6,1920,1080,2020-04-01,https://www.pccomponentes.com/lenovo-ideapad-330-15ich-intel-core-i7-8750h-8-gb-1tb-gtx-1050-156
"MSI GL75 9SDK-268XES Intel Core i7-9750H/16GB/1TB SSD/GTX 1660Ti/17.3""",MSI,9S7-17E512-268,269803,1199.0,1199.0,0.0,21.0,0.0,0," Intel Core Coffeelake refresh i7-9750H+HM370 (12 MB de caché, hasta 4,50 GHz)",,4.5, DDR IV 8GB*2 (2666MHz),2666,16," GeForce® GTX 1660 Ti ,GDDR6 6GB", 1TB NVMe PCIe Gen3x4 SSD,1000,SSD,,,," 17.3"" FHD (1920*1080), IPS-Level 120Hz Thin Bezel",17.3,1920,1080,2020-04-01,https://www.pccomponentes.com/msi-gl75-9sdk-268xes-intel-core-i7-9750h-16gb-1tb-ssd-gtx-1660ti-173
"HP 15-DW0031NS Intel Core i3-7020U/8GB/256GB SSD/15.6""",HP,7VX77EA#ABE,228868,399.0,399.0,0.0,21.0,91.4,21," Intel® Core? i3-7020U (frecuencia base de 2,3 GHz, 3 MB de caché, 2 núcleos)",2.3,, RAM 8 GB DDR4-2133 SDRAM (1 x 8 GB),2133,8, Intel® HD Graphics 620, SSD M.2 de 256 GB,256,SSD,,,," Pantalla con retroiluminación WLED antirreflejo HD SVA de 39,6 cm (15,6 pulgadas) en diagonal de tipo micro-edge (1366 x 768)",15.6,1366,768,2020-04-01,https://www.pccomponentes.com/hp-15-dw0031ns-intel-core-i3-7020u-8gb-256gb-ssd-156
"MSI GL65 9SEK-210XES Intel Core i7-9750H/16GB/512GB SSD/RTX 2060/15.6""",MSI,9S7-16U512-210,236059,1199.0,1348.99,12.0,21.0,93.8,16," Intel Core Coffeelake refresh i7-9750H+HM370 (12 MB de caché, hasta 4,50 GHz)",,4.5, DDR IV 8GB*2 (2666MHz),2666,16," GeForce® RTX 2060, GDDR6 6GB", 512GB NVMe PCIe SSD,512,SSD,,,," 15.6"" FHD (1920*1080), IPS-Level 120Hz Thin Bezel",15.6,1920,1080,2020-04-01,https://www.pccomponentes.com/msi-gl65-9sek-210xes-intel-core-i7-9750h-16gb-512gb-ssd-rtx-2060-156
"Apple MacBook Air Intel Core i5/8GB/256GB SSD/13.3"" Oro",Apple,MVFN2Y/A,220638,1089.0,1089.0,0.0,21.0,100.0,10,"Intel Core i5 de doble núcleo a 1,6 GHz (Turbo Boost de hasta 3,6 GHz) y 4 MB de caché de nivel 3",1.6,3.6,8 GB de memoria LPDDR3 integrada a 2.133 MHz,2133,8,Intel UHD Graphics 617Compatible con procesadores gráficos externos (eGPU) con tecnología Thunderbolt 3,SSD PCIe de 256 GB,256,SSD,,,,"Pantalla RetinaPantalla retroiluminada por LED de 13,3 pulgadas (en diagonal) con tecnología IPS; resolución nativa de 2.560 por 1.600 a 227 píxeles por pulgada compatible con millones de coloresResoluciones adaptadas compatibles:1.680 por 1.0501.440 por 9001.024 por 640Relación dimensional de 16:10Tecnología True Tone",13.3,,,2020-04-01,https://www.pccomponentes.com/apple-macbook-air-intel-core-i5-8gb-256gb-ssd-133-oro
"Acer Aspire 5 A515-54-73GE Intel Core i7-10510U/8GB/512GB SSD/15.6""",Acer,NX.HN2EB.00C,264615,659.0,659.0,0.0,21.0,90.0,2, Intel® Core i7-10510U 1.8 GHz 8MB,1.8,, RAM 8 GB DDR4 Memory,,8, Intel® UHD Graphics 620, 512GB PCIe NVMe SSD,512,SSD,,,," 15.6"" FHD Acer ComfyView LED LCD FHD (1920 x 1080)",15.6,1920,1080,2020-04-01,https://www.pccomponentes.com/acer-aspire-5-a515-54-73ge-intel-core-i7-10510u-8gb-512gb-ssd-156
"Asus ZenBook 13 UX333FA-A3278T Intel Core i7-8565U/16GB/512GB SSD/13.3""",Asus,90NB0JV2-M08270,261970,879.0,879.0,0.0,21.0,100.0,2," Intel® Core™ i7-8565U (4 Núcleos, 8 Subprocesos, Caché: 8MB SmartCache, frecuencia de 1.80 hasta 4.60 GHz) ",1.8,4.6, RAM 16GB LPDDR3 2133 MHz (en placa),2133,16, Intel® UHD Graphics 620, 512GB SSD M.2 PCIe® Gen3  NVMe,512,SSD, 512GB SSD M.2 PCIe® Gen3  NVMe,512,SSD," 13.3"" (33,78cm) LED Retroiluminado / 60Hz / NanoEdge (Borde Estrecho) / 250nits / FHD (1920x1080/16:9) / Antirreflejos / NTSC:72% / SRGB:100% / IPS / Ángulo de Visión de 178º",13.3,1920,1080,2020-04-01,https://www.pccomponentes.com/asus-zenbook-13-ux333fa-a3278t-intel-core-i7-8565u-16gb-512gb-ssd-133
"HP 15-DA0195NS Intel Core i3-7020U/8GB/128GBSSD/15.6""",HP,6EM23EA,223613,379.0,448.99,16.0,21.0,100.0,1," Intel Core i3-7020U (3MB Cache, 2.3GHz)",2.3,, RAM 8GB (2133MHz) DDR4-SDRAM (1 x 8),2133,8, Integrada: Intel® HD Graphics 620, SSD M.2 de 128 GB,128,SSD,,,," Pantalla con retroiluminación WLED antirreflejo HD SVA de 39,6 cm (15,6"") en diagonal (1366 x 768)",15.6,1366,768,2020-04-01,https://www.pccomponentes.com/hp-15-da0195ns-intel-core-i3-7020u-8gb-128gbssd-156
"HP 15S-FQ1040NS Intel Core i5-1035G1/8GB/512GB SSD/15.6"" + Windows 10 Pro",HP,FQ1040NS-W10,280114,699.0,699.0,0.0,21.0,100.0,1," i5-1035G1 (frecuencia base de 1,0 GHz, hasta 3,6 GHz con tecnología Intel®Turbo Boost, 6 MB de caché, 4 núcleos)",1.0,3.6, RAM SDRAM DDR4-2666 de 8 GB (1 x 8 GB)Velocidades de transferencia de hasta 2666 MT/s),2666,8, Gráficos Intel® UHD, SSD de 512 GB PCIe® NVMe? M.2,512,SSD,,,," Pantalla con retroiluminación WLED antirreflejo HD SVA de 39,6 cm (15,6 pulgadas) en diagonal de tipo micro-edge (1366 x 768)",15.6,1366,768,2020-04-01,https://www.pccomponentes.com/hp-15s-fq1040ns-intel-core-i5-1035g1-8gb-512gb-ssd-156-windows-10-pro
"HP Pavilion 15-CS3003NS Intel Core i5-1035G1/8GB/512GB SSD/GTX 1050/15.6""",HP,7SA68EA,252573,649.0,698.99,8.0,21.0,90.8,24," Intel® Core i5-1035G1 (frecuencia base de 1,0 GHz, hasta 3,6 GHz con tecnología Intel® Turbo Boost, 6 MB de caché, 4 núcleos)",1.0,3.6, RAM SDRAM DDR4-2666 de 8 GB (1 x 8 GB). Velocidades de transferencia de hasta 2666 MT/s,2666,8,  NVIDIA® GeForce® GTX 1050 (GDDR5 de 3 GB dedicada), SSD de 512 GB PCIe® NVMe M.2,512,SSD,,,," FHD IPS de 15,6"" (39,6 cm) en diagonal antirreflectante de microborde con retroiluminación WLED (1920 x 1080)",15.6,1920,1080,2020-04-01,https://www.pccomponentes.com/hp-pavilion-15-cs3003ns-intel-core-i5-1035g1-8gb-512gb-ssd-gtx-1050-156
"HP Pavilion Gaming 15-DK0019NS Intel Core i5-9300H/16GB/1TB SSD/GTX 1660Ti/15.6""",HP,8PK54EA,252600,949.0,949.0,0.0,21.0,80.0,14," Intel® Core  i5-9300H (frecuencia base de 2,4 GHz, hasta 4,1 GHz con Tecnología Intel® Turbo Boost, 8 MB de caché, 4 núcleos)",2.4,4.1," RAM SDRAM DDR4-2666 de 16 GB (2 x 8 GB), velocidades de transferencia de hasta 2666 MT/s",2666,16, NVIDIA® GeForce® GTX 1660 Ti con diseño Max-Q (GDDR6 de 6 GB dedicada), SSD de 1 TB PCIe® NVMe M.2,1000,SSD,,,," FHD IPS de 15,6"" (39,6 cm) en diagonal antirreflectante de microborde con retroiluminación WLED (1920 x 1080)",15.6,1920,1080,2020-04-01,https://www.pccomponentes.com/hp-pavilion-gaming-15-dk0019ns-intel-core-i5-9300h-16gb-1tb-ssd-gtx-1660ti-156
"MSI GF65 Thin 9SD-072XES Intel Core i7-9750H/16GB/512GB SSD/GTX 1660Ti/15.6""",MSI,9S7-16W112-072,243297,1149.0,1149.0,0.0,21.0,90.2,41, Intel® Core? Coffeelake refresh i7-9750H+HM370,,, RAM DDR IV 8GB*2 (2666MHz),2666,16," GeForce® GTX 1660 Ti ,GDDR6 6GB", 512GB NVMe PCIe SSD,512,SSD,,,," 15.6"" FHD (1920*1080), IPS-Level 120Hz Thin Bezel",15.6,1920,1080,2020-04-01,https://www.pccomponentes.com/msi-gf65-thin-9sd-072xes-intel-core-i7-9750h-16gb-512gb-ssd-gtx-1660ti-156
"Lenovo Yoga 530-14IKB Intel Core i7-8550U/8GB/512GB SSD/14"" Táctil",Lenovo,81EK00WTSP,270649,849.0,849.0,0.0,21.0,86.7,3," Intel Core i7-8550U (4C / 8T, 1.8 / 4.0GHz, 8MB)",1.8,4.0, RAM 1x 8GB DIMM DDR4-2400,2400,8, Tarjeta gráfica integrada Intel HD Graphics 620, 512GB SSD M.2 2242 PCIe,512,SSD,,,," 14"" FHD (1920x1080) IPS 250nits Glossy",14.0,1920,1080,2020-04-01,https://www.pccomponentes.com/lenovo-yoga-530-14ikb-intel-core-i7-8550u-8gb-512gb-ssd-14-tactil
"HP 14-CM0002NS AMD A9-9425/4GB/128GB SSD/14""",HP,6LF98EA,254252,275.0,369.0,26.0,21.0,92.0,5," AMD A9-9425 Dual-Core (frecuencia base de 3,1 GHz, frecuencia de ráfaga de hasta 3,7 GHz, 1 MB de caché)",3.1,3.7, RAM SDRAM DDR4-1866 de 4 GB (1 x 4 GB),1866,4, AMD Radeon™ R5, SSD M.2 de 128 GB,128,SSD,,,," Pantalla con retroiluminación WLED HD antirreflejos diagonal con área virtual compartida de 35,6 cm (14 pulgadas) (1366 x 768)",14.0,1366,768,2020-04-01,https://www.pccomponentes.com/hp-14-cm0002ns-amd-a9-9425-4gb-128gb-ssd-14
"Acer Aspire 3 A315-55G Intel Core i5-10210U/8GB/256GB/MX230/15.6""",Acer,NX.HNTEB.001,246144,559.0,599.0,7.0,21.0,86.7,9, Intel® Core? i5-10210U 1.6 GHz 6MB,1.6,, RAM 8 GB DDR4 Memory,,8, NVIDIA® GeForce® MX230 2G-GDDR5 (256*32*2) 7Gbps, 256GB PCIe NVMe SSD,256,SSD,,,," 15.6"" FHD Acer ComfyView LED LCD FHD (1920 x 1080)",15.6,1920,1080,2020-04-01,https://www.pccomponentes.com/acer-aspire-3-a315-55g-intel-core-i5-10210u-8gb-256gb-mx230-156
"Apple MacBook Air Intel Core i5/8GB/128GB SSD/13.3"" Oro",Apple,MVFM2Y/A,220633,999.0,999.0,0.0,21.0,98.3,23,"Intel Core i5 de doble núcleo a 1,6 GHz (Turbo Boost de hasta 3,6 GHz) y 4 MB de caché de nivel 3",1.6,3.6,8 GB de memoria LPDDR3 integrada a 2.133 MHz,2133,8,Intel UHD Graphics 617Compatible con procesadores gráficos externos (eGPU) con tecnología Thunderbolt 3,SSD PCIe de 128 GB,128,SSD,,,,"Pantalla RetinaPantalla retroiluminada por LED de 13,3 pulgadas (en diagonal) con tecnología IPS; resolución nativa de 2.560 por 1.600 a 227 píxeles por pulgada compatible con millones de coloresResoluciones adaptadas compatibles:1.680 por 1.0501.440 por 9001.024 por 640Relación dimensional de 16:10Tecnología True Tone",13.3,,,2020-04-01,https://www.pccomponentes.com/apple-macbook-air-intel-core-i5-8gb-128gb-ssd-133-oro
"MSI GF63 Thin 9SC-047XES Intel Corei7-9750H/16GB/512GB SSD/GTX 1650/15.6"" Reacondicionado",MSI,9S7-16R312-047-RAS,208489,853.11,995.79,15.0,21.0,64.0,5, Intel Core Coffeelake refresh i7-9750H+HM370,,, 16GB DDR4 2666MHz (32GB Capacidad Máxima),2666,16, GTX 1650  MAX Q GDDR5 4GB, 512GB NVMe PCIe SSD,512,SSD,,,," 15.6"" FHD (1920*1080), IPS-Level 60Hz 45%NTSCThin Bezel, typ. 250nit , CR 700",15.6,1920,1080,2020-04-01,https://www.pccomponentes.com/msi-gf63-thin-9sc-047xes-intel-corei7-9750h16gb512gb-ssdgtx-1650156-reacondicionado
"Toshiba Tecra A40-D-1KE Intel Core i5-7200U/8GB/256GB SSD/14""",Toshiba,PS483E-0K4032CE,259226,549.0,649.0,16.0,21.0,86.7,6," Intel® Core i5-7200U (2,50 / 3,10 Turbo GHz, 3MB)",2.5,3.1, RAM 8 GB DDR4 2133 MHz (8+0),2133,8, Intel® UHD Graphics 620, 256 GB SSD M.2 SATA,256,SSD,,,," 35,6 cm (14,0"") Pantalla Toshiba HD antirreflejos con 16 : 9 de relación de aspecto y retroiluminación LED. Resolución: 1.366 x 768 (HD)",14.0,1366,768,2020-04-01,https://www.pccomponentes.com/toshiba-tecra-a40-d-1ke-intel-core-i5-7200u-8gb-256gb-ssd-14
